 ,Answered,Created,Downloaded,Removed,Reviewed,Saved,Started,Submitted,Updated,Uploaded,Viewed,created,downloaded,submitted,updated,uploaded,viewed
,1.0,7.0,1.0,,1.0,1.0,2.0,14.0,216.0,8.0,459.0,1.0,,1.0,,1.0,15.0
,1.0,8.0,,2.0,3.0,1.0,4.0,27.0,222.0,13.0,530.0,1.0,,1.0,,1.0,13.0
,1.0,,,,,,1.0,4.0,63.0,1.0,116.0,,,,,,
,1.0,7.0,,,1.0,1.0,2.0,20.0,74.0,11.0,384.0,1.0,,1.0,,1.0,78.0
,1.0,9.0,,,6.0,2.0,4.0,29.0,224.0,14.0,923.0,1.0,,1.0,,1.0,30.0
,1.0,8.0,,,1.0,1.0,2.0,15.0,237.0,9.0,622.0,1.0,,1.0,,1.0,11.0
,1.0,7.0,1.0,,1.0,1.0,2.0,19.0,196.0,9.0,570.0,1.0,,1.0,,1.0,21.0
,1.0,5.0,,,,1.0,2.0,17.0,335.0,10.0,523.0,,,,,,1.0
,1.0,9.0,,,18.0,1.0,4.0,29.0,230.0,15.0,942.0,1.0,,1.0,,1.0,37.0
,1.0,,,,,,,5.0,5.0,1.0,61.0,,,,,,
,1.0,9.0,,2.0,15.0,2.0,4.0,36.0,254.0,21.0,1664.0,,,,,,49.0
,1.0,10.0,,,12.0,3.0,4.0,24.0,204.0,14.0,840.0,2.0,,2.0,,2.0,33.0
,1.0,4.0,,,9.0,1.0,5.0,12.0,164.0,3.0,477.0,,,,,,2.0
,1.0,5.0,,,1.0,,3.0,20.0,343.0,10.0,927.0,1.0,,1.0,,1.0,50.0
,1.0,7.0,,,4.0,6.0,3.0,28.0,267.0,11.0,885.0,1.0,,1.0,,1.0,41.0
,1.0,7.0,,,32.0,2.0,6.0,25.0,368.0,9.0,714.0,2.0,,2.0,,2.0,39.0
,1.0,8.0,,,8.0,1.0,4.0,21.0,179.0,10.0,674.0,1.0,,1.0,,1.0,16.0
,1.0,11.0,4.0,,5.0,2.0,4.0,27.0,177.0,15.0,718.0,,,,,,19.0
,1.0,8.0,,4.0,41.0,2.0,5.0,33.0,301.0,15.0,1229.0,2.0,,2.0,,2.0,64.0
,1.0,5.0,2.0,,2.0,,4.0,16.0,151.0,9.0,334.0,1.0,,1.0,,1.0,8.0
,1.0,7.0,2.0,,,2.0,2.0,19.0,151.0,10.0,1163.0,1.0,,1.0,,1.0,116.0
,1.0,3.0,,,,,1.0,21.0,129.0,11.0,510.0,,,,,,
,1.0,7.0,,3.0,2.0,2.0,2.0,20.0,238.0,12.0,799.0,1.0,,1.0,,1.0,33.0
,1.0,3.0,,,1.0,,3.0,15.0,209.0,7.0,563.0,1.0,,1.0,,1.0,27.0
,1.0,7.0,,,1.0,1.0,5.0,29.0,307.0,13.0,766.0,1.0,,1.0,,1.0,55.0
,1.0,7.0,1.0,4.0,2.0,1.0,3.0,34.0,293.0,17.0,811.0,1.0,,1.0,,1.0,52.0
,1.0,6.0,,,,1.0,2.0,16.0,98.0,7.0,497.0,,,,,,
,1.0,7.0,,,5.0,2.0,3.0,18.0,212.0,7.0,542.0,1.0,,1.0,,1.0,13.0
,1.0,10.0,,1.0,2.0,1.0,2.0,23.0,155.0,14.0,554.0,1.0,,2.0,1.0,2.0,34.0
,1.0,9.0,1.0,,2.0,1.0,2.0,27.0,106.0,16.0,722.0,,,,,,6.0
,1.0,7.0,3.0,,1.0,1.0,3.0,24.0,312.0,13.0,844.0,1.0,1.0,1.0,,1.0,154.0
,1.0,3.0,1.0,,9.0,,7.0,21.0,171.0,8.0,553.0,1.0,,1.0,,1.0,18.0
,1.0,7.0,,,3.0,2.0,5.0,20.0,272.0,9.0,563.0,1.0,,1.0,,1.0,47.0
,1.0,8.0,,,5.0,2.0,7.0,29.0,223.0,12.0,782.0,1.0,,1.0,,1.0,17.0
,1.0,3.0,,,,,3.0,16.0,207.0,8.0,481.0,1.0,,1.0,,1.0,10.0
,1.0,10.0,,,5.0,3.0,4.0,27.0,269.0,15.0,726.0,1.0,,1.0,,1.0,16.0
,1.0,8.0,2.0,,6.0,2.0,8.0,32.0,289.0,14.0,723.0,1.0,,1.0,,1.0,23.0
,1.0,6.0,1.0,,,1.0,3.0,32.0,249.0,18.0,1271.0,1.0,,1.0,,1.0,37.0
,1.0,7.0,8.0,,8.0,2.0,4.0,25.0,159.0,11.0,858.0,1.0,1.0,1.0,,1.0,38.0
,1.0,7.0,,,,,3.0,25.0,531.0,16.0,1031.0,1.0,,1.0,,1.0,12.0
,1.0,5.0,,,,,2.0,16.0,107.0,9.0,359.0,1.0,,1.0,,1.0,16.0
,1.0,12.0,2.0,,23.0,,11.0,39.0,347.0,22.0,1402.0,2.0,,2.0,,2.0,69.0
,1.0,8.0,2.0,,5.0,1.0,4.0,29.0,174.0,14.0,610.0,1.0,,1.0,,1.0,27.0
,1.0,7.0,1.0,,1.0,1.0,2.0,15.0,256.0,9.0,536.0,1.0,1.0,1.0,,1.0,25.0
,1.0,8.0,1.0,,4.0,2.0,3.0,33.0,182.0,20.0,1031.0,1.0,,1.0,,1.0,17.0
,1.0,8.0,,,13.0,2.0,4.0,27.0,228.0,13.0,566.0,1.0,,1.0,,1.0,33.0
,1.0,7.0,1.0,1.0,13.0,3.0,4.0,18.0,360.0,11.0,836.0,,,,,,8.0
,1.0,7.0,,,4.0,2.0,5.0,26.0,328.0,13.0,941.0,1.0,,1.0,,1.0,84.0
,1.0,9.0,,,4.0,2.0,4.0,27.0,200.0,12.0,806.0,1.0,,1.0,,1.0,22.0
,1.0,6.0,,,2.0,1.0,3.0,17.0,220.0,9.0,436.0,1.0,,1.0,,1.0,12.0
,1.0,5.0,,,,,2.0,14.0,194.0,8.0,514.0,1.0,,1.0,,1.0,15.0
,1.0,8.0,1.0,,,,2.0,17.0,134.0,11.0,403.0,,,,,,
,1.0,8.0,1.0,,9.0,2.0,4.0,34.0,234.0,18.0,815.0,1.0,,1.0,,1.0,38.0
,1.0,10.0,1.0,,1.0,2.0,3.0,24.0,149.0,13.0,598.0,1.0,,1.0,,1.0,22.0
,1.0,7.0,,,5.0,2.0,5.0,25.0,191.0,10.0,478.0,1.0,,1.0,,1.0,39.0
,1.0,11.0,1.0,1.0,18.0,2.0,4.0,31.0,205.0,17.0,916.0,2.0,,2.0,,2.0,88.0
,1.0,8.0,1.0,,5.0,2.0,4.0,29.0,139.0,16.0,483.0,1.0,,2.0,1.0,2.0,21.0
,1.0,8.0,3.0,,3.0,2.0,4.0,36.0,301.0,19.0,1217.0,,,,,,75.0
,1.0,8.0,,,4.0,2.0,3.0,23.0,241.0,14.0,709.0,1.0,,1.0,,1.0,36.0
,1.0,8.0,,,18.0,2.0,10.0,33.0,284.0,13.0,705.0,1.0,,1.0,,1.0,17.0
,1.0,5.0,1.0,,16.0,1.0,7.0,18.0,533.0,7.0,746.0,1.0,,1.0,,1.0,12.0
,1.0,7.0,1.0,,2.0,,3.0,24.0,143.0,13.0,580.0,1.0,,1.0,,1.0,19.0
,1.0,8.0,,,5.0,2.0,4.0,26.0,150.0,11.0,505.0,1.0,,1.0,,1.0,120.0
,1.0,,,,,,,3.0,3.0,1.0,111.0,,,,,,
,1.0,12.0,1.0,,3.0,3.0,4.0,29.0,203.0,16.0,861.0,1.0,,2.0,1.0,2.0,97.0
,1.0,6.0,,,3.0,1.0,4.0,29.0,215.0,15.0,673.0,2.0,,3.0,1.0,3.0,28.0
,1.0,6.0,,,,,2.0,14.0,173.0,10.0,668.0,1.0,,1.0,,1.0,70.0
,1.0,5.0,4.0,,,1.0,2.0,9.0,218.0,5.0,781.0,,,,,,2.0
,1.0,12.0,,,6.0,2.0,4.0,27.0,145.0,16.0,723.0,1.0,,1.0,,1.0,50.0
,1.0,7.0,,,,,3.0,19.0,169.0,11.0,432.0,1.0,,1.0,,1.0,13.0
,1.0,5.0,1.0,1.0,8.0,2.0,4.0,25.0,167.0,10.0,829.0,2.0,,2.0,,2.0,20.0
,1.0,6.0,3.0,,,,2.0,16.0,153.0,10.0,422.0,1.0,,1.0,,1.0,18.0
,1.0,9.0,,,9.0,1.0,4.0,27.0,212.0,13.0,861.0,1.0,,1.0,,1.0,84.0
,1.0,7.0,,,15.0,2.0,10.0,26.0,288.0,9.0,836.0,2.0,,2.0,,2.0,74.0
,1.0,8.0,,3.0,14.0,2.0,8.0,26.0,263.0,15.0,666.0,2.0,,3.0,1.0,3.0,82.0
,,,,,,,,,1.0,,9.0,,,,,,
,1.0,7.0,,5.0,2.0,,3.0,27.0,183.0,18.0,692.0,1.0,,1.0,,1.0,44.0
,1.0,3.0,,,1.0,,3.0,8.0,206.0,4.0,343.0,1.0,,1.0,,1.0,17.0
,1.0,7.0,,5.0,7.0,,4.0,27.0,178.0,16.0,733.0,1.0,,1.0,,1.0,25.0
1.0,1.0,4.0,2.0,,17.0,,10.0,23.0,463.0,9.0,998.0,,,,,,17.0
,1.0,6.0,,,,,2.0,15.0,163.0,9.0,476.0,1.0,,1.0,,1.0,13.0
,1.0,9.0,1.0,,3.0,2.0,3.0,39.0,281.0,18.0,1925.0,1.0,,1.0,,1.0,34.0
,1.0,4.0,1.0,,,1.0,2.0,12.0,168.0,6.0,410.0,,,,,,2.0
,1.0,2.0,,,1.0,,2.0,9.0,178.0,4.0,311.0,,,,,,
,1.0,9.0,,,1.0,1.0,3.0,18.0,159.0,12.0,650.0,1.0,,1.0,,1.0,28.0
,1.0,5.0,,1.0,9.0,1.0,5.0,24.0,189.0,11.0,588.0,1.0,,1.0,,1.0,27.0
,1.0,9.0,,,4.0,2.0,4.0,29.0,165.0,15.0,478.0,1.0,,2.0,1.0,2.0,20.0
,1.0,9.0,,,,2.0,3.0,18.0,271.0,10.0,624.0,1.0,,1.0,,1.0,32.0
,1.0,6.0,1.0,,4.0,,4.0,22.0,154.0,12.0,485.0,1.0,,1.0,,1.0,16.0
,1.0,6.0,2.0,3.0,1.0,,3.0,30.0,283.0,17.0,762.0,1.0,,1.0,,1.0,76.0
,1.0,10.0,,,,3.0,2.0,23.0,149.0,11.0,907.0,1.0,,1.0,,1.0,26.0
,1.0,8.0,,,25.0,3.0,7.0,31.0,322.0,16.0,819.0,1.0,,1.0,,1.0,37.0
,1.0,9.0,1.0,,14.0,2.0,4.0,28.0,202.0,13.0,1023.0,1.0,,1.0,,1.0,32.0
,1.0,5.0,1.0,,,1.0,4.0,32.0,384.0,18.0,1347.0,1.0,2.0,1.0,,1.0,82.0
,1.0,7.0,,,,2.0,2.0,14.0,118.0,7.0,403.0,1.0,,1.0,,1.0,14.0
,1.0,4.0,,,,1.0,2.0,13.0,210.0,6.0,628.0,1.0,,1.0,,1.0,47.0
,1.0,5.0,,1.0,,,3.0,15.0,190.0,12.0,607.0,1.0,,1.0,,1.0,22.0
,1.0,4.0,,,8.0,1.0,4.0,16.0,234.0,7.0,729.0,,,,,,9.0
,1.0,8.0,1.0,,14.0,2.0,5.0,35.0,244.0,16.0,1643.0,1.0,,2.0,1.0,2.0,182.0
,1.0,7.0,,,,2.0,2.0,19.0,182.0,12.0,507.0,,,,,,
,1.0,5.0,2.0,,,,2.0,17.0,111.0,8.0,382.0,,,,,,
,1.0,8.0,1.0,,2.0,2.0,5.0,26.0,334.0,11.0,800.0,1.0,,1.0,,1.0,20.0
,1.0,9.0,,,1.0,2.0,4.0,24.0,155.0,11.0,501.0,1.0,,1.0,,1.0,61.0
,1.0,12.0,,,11.0,2.0,4.0,25.0,166.0,15.0,534.0,,,,,,9.0
,1.0,8.0,,,6.0,2.0,2.0,30.0,233.0,14.0,655.0,1.0,,1.0,,1.0,29.0
,1.0,10.0,,,8.0,2.0,3.0,17.0,206.0,10.0,540.0,1.0,,1.0,,1.0,12.0
,1.0,10.0,1.0,,14.0,2.0,4.0,28.0,272.0,13.0,1135.0,1.0,,1.0,,1.0,26.0
,1.0,11.0,,,3.0,2.0,4.0,24.0,211.0,12.0,848.0,,,,,,25.0
,1.0,6.0,,2.0,10.0,1.0,6.0,26.0,306.0,12.0,999.0,1.0,,2.0,1.0,2.0,38.0
,1.0,7.0,1.0,,2.0,,4.0,22.0,146.0,12.0,394.0,2.0,,2.0,,2.0,27.0
,1.0,5.0,1.0,,,1.0,1.0,13.0,69.0,7.0,256.0,,,,,,16.0
,1.0,4.0,,,11.0,1.0,5.0,15.0,235.0,5.0,664.0,,,,,,17.0
,1.0,4.0,,,8.0,,6.0,22.0,225.0,10.0,608.0,1.0,,1.0,,1.0,13.0
,1.0,4.0,,,,1.0,1.0,8.0,32.0,4.0,145.0,,,,,,
,1.0,10.0,,1.0,28.0,2.0,4.0,39.0,595.0,21.0,2217.0,1.0,,1.0,17.0,1.0,140.0
,1.0,7.0,1.0,,1.0,1.0,2.0,17.0,195.0,11.0,555.0,1.0,,1.0,,1.0,10.0
,1.0,,,,,,2.0,3.0,183.0,,270.0,,,,,,
,1.0,9.0,,,9.0,1.0,4.0,37.0,384.0,21.0,1232.0,1.0,,1.0,12.0,1.0,38.0
,1.0,9.0,,,4.0,2.0,3.0,24.0,199.0,11.0,599.0,1.0,,1.0,,1.0,21.0
,1.0,7.0,2.0,,,,1.0,13.0,175.0,9.0,462.0,1.0,,1.0,,1.0,13.0
,1.0,5.0,,,4.0,,4.0,19.0,178.0,8.0,602.0,1.0,,1.0,,1.0,16.0
,1.0,5.0,,,5.0,,5.0,19.0,265.0,8.0,705.0,1.0,,1.0,,1.0,24.0
,1.0,9.0,2.0,,8.0,2.0,4.0,28.0,262.0,14.0,1635.0,1.0,,1.0,,1.0,55.0
,1.0,5.0,3.0,4.0,4.0,1.0,6.0,31.0,269.0,15.0,783.0,1.0,,1.0,,1.0,20.0
,1.0,7.0,1.0,,1.0,1.0,3.0,20.0,165.0,10.0,496.0,1.0,,1.0,,1.0,40.0
,1.0,7.0,1.0,,,3.0,1.0,15.0,264.0,7.0,705.0,1.0,,1.0,,1.0,33.0
,1.0,11.0,,1.0,12.0,9.0,4.0,47.0,203.0,29.0,1571.0,1.0,,1.0,,1.0,101.0
,1.0,1.0,,,,,3.0,4.0,87.0,1.0,142.0,1.0,,1.0,,1.0,8.0
,1.0,6.0,2.0,,11.0,1.0,5.0,23.0,289.0,9.0,699.0,1.0,,1.0,,1.0,19.0
,1.0,6.0,1.0,,,1.0,2.0,19.0,105.0,10.0,415.0,1.0,,1.0,,1.0,10.0
,1.0,4.0,,,,,1.0,6.0,31.0,4.0,207.0,,,,,,
,1.0,9.0,7.0,,8.0,2.0,4.0,23.0,163.0,10.0,876.0,1.0,,1.0,,1.0,30.0
,1.0,7.0,,,4.0,1.0,4.0,20.0,202.0,12.0,582.0,1.0,,1.0,,1.0,20.0
,1.0,6.0,,,1.0,1.0,3.0,14.0,289.0,7.0,678.0,1.0,,1.0,,1.0,74.0
,1.0,5.0,,,,,3.0,18.0,185.0,10.0,504.0,1.0,,1.0,,1.0,8.0
,1.0,7.0,1.0,,1.0,1.0,3.0,16.0,209.0,9.0,597.0,1.0,,1.0,,1.0,25.0
,1.0,3.0,,,2.0,,3.0,11.0,99.0,5.0,602.0,,,,,,9.0
,1.0,9.0,,,3.0,1.0,4.0,33.0,215.0,17.0,849.0,1.0,,2.0,1.0,2.0,39.0
,1.0,7.0,1.0,2.0,6.0,3.0,2.0,32.0,199.0,14.0,550.0,1.0,,1.0,,1.0,12.0
,1.0,7.0,,2.0,6.0,2.0,4.0,27.0,179.0,14.0,662.0,1.0,,1.0,,1.0,19.0
,1.0,10.0,1.0,,5.0,2.0,2.0,27.0,152.0,13.0,817.0,1.0,,2.0,1.0,2.0,74.0
,1.0,9.0,,,2.0,3.0,2.0,30.0,155.0,14.0,607.0,1.0,,1.0,,1.0,24.0
,1.0,10.0,,,7.0,3.0,4.0,40.0,283.0,21.0,1294.0,1.0,,2.0,15.0,2.0,124.0
,1.0,5.0,2.0,,,,1.0,21.0,94.0,12.0,631.0,1.0,1.0,1.0,,1.0,58.0
,1.0,7.0,,,1.0,1.0,3.0,17.0,208.0,11.0,446.0,1.0,,1.0,,1.0,12.0
,1.0,7.0,,,12.0,2.0,5.0,28.0,404.0,11.0,1013.0,1.0,,1.0,,1.0,45.0
,1.0,1.0,,1.0,5.0,,2.0,13.0,188.0,7.0,523.0,,,,,,4.0
,1.0,3.0,,,,,2.0,10.0,154.0,5.0,357.0,1.0,,1.0,,1.0,19.0
,1.0,9.0,,,2.0,2.0,2.0,21.0,185.0,13.0,691.0,1.0,,1.0,,1.0,20.0
,1.0,5.0,,1.0,1.0,,1.0,9.0,22.0,6.0,220.0,,,,,,
,1.0,10.0,,,1.0,2.0,3.0,25.0,285.0,12.0,645.0,1.0,,1.0,,1.0,13.0
,1.0,,,,,,,1.0,3.0,,227.0,,,,,,
